-- CampusCheckin / жҷәиҜҫзӯҫ database schema
-- Target database: MySQL 8.0.45
-- Demo password for all seeded users: 123456
-- BCrypt hash generated with cost 10.

CREATE DATABASE IF NOT EXISTS campus_checkin
  DEFAULT CHARACTER SET utf8mb4
  DEFAULT COLLATE utf8mb4_0900_ai_ci;

USE campus_checkin;

CREATE TABLE IF NOT EXISTS users (
  user_id BIGINT PRIMARY KEY AUTO_INCREMENT COMMENT 'з”ЁжҲ·ID',
  username VARCHAR(50) NOT NULL COMMENT 'зҷ»еҪ•иҙҰеҸ·',
  password_hash VARCHAR(100) NOT NULL COMMENT 'BCryptеҠ еҜҶеҗҺзҡ„еҜҶз Ғ',
  role VARCHAR(20) NOT NULL COMMENT 'з”ЁжҲ·и§’иүІпјҡSTUDENTжҲ–TEACHER',
  status VARCHAR(20) NOT NULL DEFAULT 'ENABLED' COMMENT 'иҙҰеҸ·зҠ¶жҖҒпјҡENABLEDжҲ–DISABLED',
  last_login_at DATETIME NULL COMMENT 'жңҖеҗҺзҷ»еҪ•ж—¶й—ҙ',
  created_at DATETIME NOT NULL DEFAULT CURRENT_TIMESTAMP COMMENT 'еҲӣе»әж—¶й—ҙ',
  updated_at DATETIME NOT NULL DEFAULT CURRENT_TIMESTAMP ON UPDATE CURRENT_TIMESTAMP COMMENT 'жӣҙж–°ж—¶й—ҙ',
  UNIQUE KEY uk_users_username (username),
  CONSTRAINT ck_users_role CHECK (role IN ('STUDENT', 'TEACHER')),
  CONSTRAINT ck_users_status CHECK (status IN ('ENABLED', 'DISABLED'))
) ENGINE=InnoDB COMMENT='зҷ»еҪ•з”ЁжҲ·иЎЁ';

CREATE TABLE IF NOT EXISTS students (
  student_id BIGINT PRIMARY KEY AUTO_INCREMENT COMMENT 'еӯҰз”ҹID',
  user_id BIGINT NOT NULL COMMENT 'е…іиҒ”з”ЁжҲ·ID',
  student_no VARCHAR(30) NOT NULL COMMENT 'еӯҰеҸ·',
  name VARCHAR(50) NOT NULL COMMENT 'еӯҰз”ҹе§“еҗҚ',
  class_name VARCHAR(80) NOT NULL COMMENT 'зҸӯзә§еҗҚз§°',
  major VARCHAR(80) NULL COMMENT 'дё“дёҡ',
  phone VARCHAR(30) NULL COMMENT 'иҒ”зі»з”өиҜқ',
  avatar_text VARCHAR(10) NULL COMMENT 'еӨҙеғҸеҚ дҪҚж–Үеӯ—',
  created_at DATETIME NOT NULL DEFAULT CURRENT_TIMESTAMP COMMENT 'еҲӣе»әж—¶й—ҙ',
  updated_at DATETIME NOT NULL DEFAULT CURRENT_TIMESTAMP ON UPDATE CURRENT_TIMESTAMP COMMENT 'жӣҙж–°ж—¶й—ҙ',
  UNIQUE KEY uk_students_user_id (user_id),
  UNIQUE KEY uk_students_student_no (student_no),
  CONSTRAINT fk_students_user_id FOREIGN KEY (user_id)
    REFERENCES users (user_id)
    ON UPDATE CASCADE
    ON DELETE RESTRICT
) ENGINE=InnoDB COMMENT='еӯҰз”ҹдҝЎжҒҜиЎЁ';

CREATE TABLE IF NOT EXISTS teachers (
  teacher_id BIGINT PRIMARY KEY AUTO_INCREMENT COMMENT 'ж•ҷеёҲID',
  user_id BIGINT NOT NULL COMMENT 'е…іиҒ”з”ЁжҲ·ID',
  teacher_no VARCHAR(30) NOT NULL COMMENT 'ж•ҷеёҲе·ҘеҸ·',
  name VARCHAR(50) NOT NULL COMMENT 'ж•ҷеёҲе§“еҗҚ',
  department VARCHAR(80) NOT NULL COMMENT 'жүҖеұһйҷўзі»',
  title VARCHAR(50) NULL COMMENT 'иҒҢз§°',
  phone VARCHAR(30) NULL COMMENT 'иҒ”зі»з”өиҜқ',
  avatar_text VARCHAR(10) NULL COMMENT 'еӨҙеғҸеҚ дҪҚж–Үеӯ—',
  created_at DATETIME NOT NULL DEFAULT CURRENT_TIMESTAMP COMMENT 'еҲӣе»әж—¶й—ҙ',
  updated_at DATETIME NOT NULL DEFAULT CURRENT_TIMESTAMP ON UPDATE CURRENT_TIMESTAMP COMMENT 'жӣҙж–°ж—¶й—ҙ',
  UNIQUE KEY uk_teachers_user_id (user_id),
  UNIQUE KEY uk_teachers_teacher_no (teacher_no),
  CONSTRAINT fk_teachers_user_id FOREIGN KEY (user_id)
    REFERENCES users (user_id)
    ON UPDATE CASCADE
    ON DELETE RESTRICT
) ENGINE=InnoDB COMMENT='ж•ҷеёҲдҝЎжҒҜиЎЁ';

CREATE TABLE IF NOT EXISTS courses (
  course_id BIGINT PRIMARY KEY AUTO_INCREMENT COMMENT 'иҜҫзЁӢID',
  course_code VARCHAR(30) NOT NULL COMMENT 'иҜҫзЁӢзј–еҸ·',
  course_name VARCHAR(100) NOT NULL COMMENT 'иҜҫзЁӢеҗҚз§°',
  teacher_id BIGINT NOT NULL COMMENT 'жҺҲиҜҫж•ҷеёҲID',
  location VARCHAR(100) NOT NULL COMMENT 'дёҠиҜҫең°зӮ№',
  week_day TINYINT NOT NULL COMMENT 'жҳҹжңҹеҮ пјҡ1иЎЁзӨәе‘ЁдёҖпјҢ7иЎЁзӨәе‘Ёж—Ҙ',
  section VARCHAR(30) NOT NULL COMMENT 'дёҠиҜҫиҠӮж¬Ў',
  start_time TIME NOT NULL COMMENT 'дёҠиҜҫејҖе§Ӣж—¶й—ҙ',
  end_time TIME NOT NULL COMMENT 'дёҠиҜҫз»“жқҹж—¶й—ҙ',
  semester VARCHAR(30) NOT NULL COMMENT 'еӯҰжңҹ',
  credit DECIMAL(3,1) NOT NULL DEFAULT 2.0 COMMENT 'еӯҰеҲҶ',
  status VARCHAR(20) NOT NULL DEFAULT 'ACTIVE' COMMENT 'иҜҫзЁӢзҠ¶жҖҒпјҡACTIVEжҲ–ARCHIVED',
  created_at DATETIME NOT NULL DEFAULT CURRENT_TIMESTAMP COMMENT 'еҲӣе»әж—¶й—ҙ',
  updated_at DATETIME NOT NULL DEFAULT CURRENT_TIMESTAMP ON UPDATE CURRENT_TIMESTAMP COMMENT 'жӣҙж–°ж—¶й—ҙ',
  UNIQUE KEY uk_courses_course_code (course_code),
  KEY idx_courses_teacher_id (teacher_id),
  KEY idx_courses_week_day (week_day),
  CONSTRAINT fk_courses_teacher_id FOREIGN KEY (teacher_id)
    REFERENCES teachers (teacher_id)
    ON UPDATE CASCADE
    ON DELETE RESTRICT,
  CONSTRAINT ck_courses_week_day CHECK (week_day BETWEEN 1 AND 7),
  CONSTRAINT ck_courses_status CHECK (status IN ('ACTIVE', 'ARCHIVED'))
) ENGINE=InnoDB COMMENT='иҜҫзЁӢдҝЎжҒҜиЎЁ';

CREATE TABLE IF NOT EXISTS course_enrollments (
  enrollment_id BIGINT PRIMARY KEY AUTO_INCREMENT COMMENT 'йҖүиҜҫе…ізі»ID',
  course_id BIGINT NOT NULL COMMENT 'иҜҫзЁӢID',
  student_id BIGINT NOT NULL COMMENT 'еӯҰз”ҹID',
  enrolled_at DATETIME NOT NULL DEFAULT CURRENT_TIMESTAMP COMMENT 'йҖүиҜҫж—¶й—ҙ',
  status VARCHAR(20) NOT NULL DEFAULT 'ACTIVE' COMMENT 'йҖүиҜҫзҠ¶жҖҒпјҡACTIVEжҲ–DROPPED',
  UNIQUE KEY uk_course_enrollments_course_student (course_id, student_id),
  KEY idx_course_enrollments_student_id (student_id),
  CONSTRAINT fk_course_enrollments_course_id FOREIGN KEY (course_id)
    REFERENCES courses (course_id)
    ON UPDATE CASCADE
    ON DELETE RESTRICT,
  CONSTRAINT fk_course_enrollments_student_id FOREIGN KEY (student_id)
    REFERENCES students (student_id)
    ON UPDATE CASCADE
    ON DELETE RESTRICT,
  CONSTRAINT ck_course_enrollments_status CHECK (status IN ('ACTIVE', 'DROPPED'))
) ENGINE=InnoDB COMMENT='еӯҰз”ҹйҖүиҜҫе…ізі»иЎЁ';

CREATE TABLE IF NOT EXISTS check_in_tasks (
  task_id BIGINT PRIMARY KEY AUTO_INCREMENT COMMENT 'зӯҫеҲ°д»»еҠЎID',
  course_id BIGINT NOT NULL COMMENT 'иҜҫзЁӢID',
  title VARCHAR(100) NOT NULL COMMENT 'зӯҫеҲ°д»»еҠЎж Үйўҳ',
  check_in_type VARCHAR(20) NOT NULL DEFAULT 'PASSWORD' COMMENT 'зӯҫеҲ°ж–№ејҸпјҡPASSWORDжҲ–QR_CODE',
  password VARCHAR(20) NULL COMMENT 'иҜҫе ӮзӯҫеҲ°еҸЈд»ӨпјҢPASSWORDд»»еҠЎеҝ…еЎ«',
  qr_token VARCHAR(64) NULL COMMENT 'йқҷжҖҒдәҢз»ҙз ҒзӯҫеҲ°tokenпјҢQR_CODEд»»еҠЎз”ұеҗҺз«Ҝз”ҹжҲҗ',
  start_time DATETIME NOT NULL COMMENT 'зӯҫеҲ°ејҖе§Ӣж—¶й—ҙ',
  end_time DATETIME NOT NULL COMMENT 'зӯҫеҲ°жҲӘжӯўж—¶й—ҙ',
  status VARCHAR(20) NOT NULL DEFAULT 'NOT_STARTED' COMMENT 'д»»еҠЎзҠ¶жҖҒпјҡNOT_STARTEDгҖҒACTIVEгҖҒENDEDжҲ–CANCELLED',
  created_by BIGINT NOT NULL COMMENT 'еҸ‘иө·ж•ҷеёҲID',
  created_at DATETIME NOT NULL DEFAULT CURRENT_TIMESTAMP COMMENT 'еҲӣе»әж—¶й—ҙ',
  updated_at DATETIME NOT NULL DEFAULT CURRENT_TIMESTAMP ON UPDATE CURRENT_TIMESTAMP COMMENT 'жӣҙж–°ж—¶й—ҙ',
  KEY idx_check_in_tasks_course_id (course_id),
  KEY idx_check_in_tasks_created_by (created_by),
  UNIQUE KEY uk_check_in_tasks_qr_token (qr_token),
  KEY idx_check_in_tasks_time (start_time, end_time),
  CONSTRAINT fk_check_in_tasks_course_id FOREIGN KEY (course_id)
    REFERENCES courses (course_id)
    ON UPDATE CASCADE
    ON DELETE RESTRICT,
  CONSTRAINT fk_check_in_tasks_created_by FOREIGN KEY (created_by)
    REFERENCES teachers (teacher_id)
    ON UPDATE CASCADE
    ON DELETE RESTRICT,
  CONSTRAINT ck_check_in_tasks_type CHECK (check_in_type IN ('PASSWORD', 'QR_CODE')),
  CONSTRAINT ck_check_in_tasks_status CHECK (status IN ('NOT_STARTED', 'ACTIVE', 'ENDED', 'CANCELLED')),
  CONSTRAINT ck_check_in_tasks_time CHECK (start_time < end_time),
  CONSTRAINT ck_check_in_tasks_payload CHECK (
    (check_in_type = 'PASSWORD' AND password IS NOT NULL AND password <> '')
    OR (check_in_type = 'QR_CODE' AND qr_token IS NOT NULL AND qr_token <> '')
  )
) ENGINE=InnoDB COMMENT='зӯҫеҲ°д»»еҠЎиЎЁ';

CREATE TABLE IF NOT EXISTS check_in_records (
  record_id BIGINT PRIMARY KEY AUTO_INCREMENT COMMENT 'зӯҫеҲ°и®°еҪ•ID',
  task_id BIGINT NOT NULL COMMENT 'зӯҫеҲ°д»»еҠЎID',
  course_id BIGINT NOT NULL COMMENT 'иҜҫзЁӢID',
  student_id BIGINT NOT NULL COMMENT 'еӯҰз”ҹID',
  check_in_time DATETIME NULL COMMENT 'зӯҫеҲ°ж—¶й—ҙпјҢзјәеӢӨеҸҜдёәз©ә',
  status VARCHAR(20) NOT NULL COMMENT 'зӯҫеҲ°зҠ¶жҖҒпјҡSIGNEDгҖҒLATEгҖҒABSENTжҲ–EXCEPTION',
  remark VARCHAR(255) NULL COMMENT 'еӨҮжіЁдҝЎжҒҜ',
  created_at DATETIME NOT NULL DEFAULT CURRENT_TIMESTAMP COMMENT 'еҲӣе»әж—¶й—ҙ',
  updated_at DATETIME NOT NULL DEFAULT CURRENT_TIMESTAMP ON UPDATE CURRENT_TIMESTAMP COMMENT 'жӣҙж–°ж—¶й—ҙ',
  UNIQUE KEY uk_check_in_records_task_student (task_id, student_id),
  KEY idx_check_in_records_course_id (course_id),
  KEY idx_check_in_records_student_id (student_id),
  KEY idx_check_in_records_status (status),
  CONSTRAINT fk_check_in_records_task_id FOREIGN KEY (task_id)
    REFERENCES check_in_tasks (task_id)
    ON UPDATE CASCADE
    ON DELETE RESTRICT,
  CONSTRAINT fk_check_in_records_course_id FOREIGN KEY (course_id)
    REFERENCES courses (course_id)
    ON UPDATE CASCADE
    ON DELETE RESTRICT,
  CONSTRAINT fk_check_in_records_student_id FOREIGN KEY (student_id)
    REFERENCES students (student_id)
    ON UPDATE CASCADE
    ON DELETE RESTRICT,
  CONSTRAINT ck_check_in_records_status CHECK (status IN ('SIGNED', 'LATE', 'ABSENT', 'EXCEPTION'))
) ENGINE=InnoDB COMMENT='зӯҫеҲ°и®°еҪ•иЎЁ';

CREATE OR REPLACE VIEW v_course_attendance_stats AS
SELECT
  c.course_id,
  c.course_code,
  c.course_name,
  t.task_id,
  t.title AS task_title,
  COUNT(ce.student_id) AS total_count,
  COALESCE(SUM(CASE WHEN r.status = 'SIGNED' THEN 1 ELSE 0 END), 0) AS signed_count,
  COALESCE(SUM(CASE WHEN r.status = 'LATE' THEN 1 ELSE 0 END), 0) AS late_count,
  COALESCE(SUM(CASE WHEN r.status = 'ABSENT' OR (t.status = 'ENDED' AND r.record_id IS NULL) THEN 1 ELSE 0 END), 0) AS absent_count,
  COALESCE(SUM(CASE WHEN r.status = 'EXCEPTION' THEN 1 ELSE 0 END), 0) AS exception_count,
  ROUND(
    CASE
      WHEN COUNT(ce.student_id) = 0 THEN 0
      ELSE (
        COALESCE(SUM(CASE WHEN r.status IN ('SIGNED', 'LATE') THEN 1 ELSE 0 END), 0)
        / COUNT(ce.student_id)
      ) * 100
    END,
    2
  ) AS attendance_rate
FROM courses c
JOIN check_in_tasks t ON t.course_id = c.course_id
LEFT JOIN course_enrollments ce
  ON ce.course_id = c.course_id
  AND ce.status = 'ACTIVE'
LEFT JOIN check_in_records r
  ON r.task_id = t.task_id
  AND r.student_id = ce.student_id
GROUP BY
  c.course_id,
  c.course_code,
  c.course_name,
  t.task_id,
  t.title;

SET @demo_password_hash = '$2y$10$8Oklw6PcWw9CUZKwg9kEEO87QMJgux2PElCOKpPLBVykKHCVnAYnq';

INSERT INTO users (user_id, username, password_hash, role, status)
VALUES
  (1001, 's20260001', @demo_password_hash, 'STUDENT', 'ENABLED'),
  (1002, 's20260002', @demo_password_hash, 'STUDENT', 'ENABLED'),
  (1003, 's20260003', @demo_password_hash, 'STUDENT', 'ENABLED'),
  (1004, 's20260004', @demo_password_hash, 'STUDENT', 'ENABLED'),
  (2001, 't20260001', @demo_password_hash, 'TEACHER', 'ENABLED'),
  (2002, 't20260002', @demo_password_hash, 'TEACHER', 'ENABLED')
ON DUPLICATE KEY UPDATE
  password_hash = VALUES(password_hash),
  role = VALUES(role),
  status = VALUES(status);

INSERT INTO students (student_id, user_id, student_no, name, class_name, major, phone, avatar_text)
VALUES
  (1, 1001, '20260001', 'жһ—дёҖеҮЎ', 'иҪҜд»¶е·ҘзЁӢ2301зҸӯ', 'иҪҜд»¶е·ҘзЁӢ', '13800000001', 'жһ—'),
  (2, 1002, '20260002', 'йҷҲжҖқйӣЁ', 'иҪҜд»¶е·ҘзЁӢ2301зҸӯ', 'иҪҜд»¶е·ҘзЁӢ', '13800000002', 'йҷҲ'),
  (3, 1003, '20260003', 'е‘ЁжҳҺиҝң', 'иҪҜд»¶е·ҘзЁӢ2301зҸӯ', 'иҪҜд»¶е·ҘзЁӢ', '13800000003', 'е‘Ё'),
  (4, 1004, '20260004', 'й»„иӢҘжӣҰ', 'иҪҜд»¶е·ҘзЁӢ2301зҸӯ', 'иҪҜд»¶е·ҘзЁӢ', '13800000004', 'й»„')
ON DUPLICATE KEY UPDATE
  user_id = VALUES(user_id),
  name = VALUES(name),
  class_name = VALUES(class_name),
  major = VALUES(major),
  phone = VALUES(phone),
  avatar_text = VALUES(avatar_text);

INSERT INTO teachers (teacher_id, user_id, teacher_no, name, department, title, phone, avatar_text)
VALUES
  (1, 2001, 'T20260001', 'жқҺиҖҒеёҲ', 'и®Ўз®—жңәеӯҰйҷў', 'и®ІеёҲ', '13900000001', 'жқҺ'),
  (2, 2002, 'T20260002', 'зҺӢиҖҒеёҲ', 'еҹәзЎҖж•ҷеӯҰйғЁ', 'еүҜж•ҷжҺҲ', '13900000002', 'зҺӢ')
ON DUPLICATE KEY UPDATE
  user_id = VALUES(user_id),
  name = VALUES(name),
  department = VALUES(department),
  title = VALUES(title),
  phone = VALUES(phone),
  avatar_text = VALUES(avatar_text);

INSERT INTO courses (
  course_id,
  course_code,
  course_name,
  teacher_id,
  location,
  week_day,
  section,
  start_time,
  end_time,
  semester,
  credit,
  status
)
VALUES
  (1, 'CSE101', 'Androidеә”з”ЁејҖеҸ‘', 1, 'ж•ҷеӯҰжҘјA-301', 1, '1-2иҠӮ', '08:00:00', '09:40:00', '2025-2026-2', 3.0, 'ACTIVE'),
  (2, 'CSE102', 'JavaзЁӢеәҸи®ҫи®Ў', 1, 'ж•ҷеӯҰжҘјB-205', 3, '3-4иҠӮ', '10:10:00', '11:50:00', '2025-2026-2', 3.0, 'ACTIVE'),
  (3, 'MATH201', 'й«ҳзӯүж•°еӯҰ', 2, 'ж•ҷеӯҰжҘјC-102', 2, '5-6иҠӮ', '14:00:00', '15:40:00', '2025-2026-2', 4.0, 'ACTIVE'),
  (4, 'ENG101', 'еӨ§еӯҰиӢұиҜӯ', 2, 'ж•ҷеӯҰжҘјD-404', 5, '1-2иҠӮ', '08:00:00', '09:40:00', '2025-2026-2', 2.0, 'ACTIVE')
ON DUPLICATE KEY UPDATE
  course_name = VALUES(course_name),
  teacher_id = VALUES(teacher_id),
  location = VALUES(location),
  week_day = VALUES(week_day),
  section = VALUES(section),
  start_time = VALUES(start_time),
  end_time = VALUES(end_time),
  semester = VALUES(semester),
  credit = VALUES(credit),
  status = VALUES(status);

INSERT INTO course_enrollments (enrollment_id, course_id, student_id, enrolled_at, status)
VALUES
  (1, 1, 1, CURRENT_TIMESTAMP, 'ACTIVE'),
  (2, 1, 2, CURRENT_TIMESTAMP, 'ACTIVE'),
  (3, 1, 3, CURRENT_TIMESTAMP, 'ACTIVE'),
  (4, 1, 4, CURRENT_TIMESTAMP, 'ACTIVE'),
  (5, 2, 1, CURRENT_TIMESTAMP, 'ACTIVE'),
  (6, 2, 2, CURRENT_TIMESTAMP, 'ACTIVE'),
  (7, 2, 3, CURRENT_TIMESTAMP, 'ACTIVE'),
  (8, 3, 1, CURRENT_TIMESTAMP, 'ACTIVE'),
  (9, 3, 2, CURRENT_TIMESTAMP, 'ACTIVE'),
  (10, 3, 4, CURRENT_TIMESTAMP, 'ACTIVE'),
  (11, 4, 1, CURRENT_TIMESTAMP, 'ACTIVE'),
  (12, 4, 3, CURRENT_TIMESTAMP, 'ACTIVE')
ON DUPLICATE KEY UPDATE
  status = VALUES(status);

INSERT INTO check_in_tasks (
  task_id,
  course_id,
  title,
  check_in_type,
  password,
  qr_token,
  start_time,
  end_time,
  status,
  created_by
)
VALUES
  (
    1,
    1,
    'Androidеә”з”ЁејҖеҸ‘ д»Ҡж—ҘиҜҫе ӮзӯҫеҲ°',
    'PASSWORD',
    '246810',
    NULL,
    CURRENT_TIMESTAMP - INTERVAL 10 MINUTE,
    CURRENT_TIMESTAMP + INTERVAL 30 MINUTE,
    'ACTIVE',
    1
  ),
  (
    2,
    1,
    'Androidеә”з”ЁејҖеҸ‘ дёҠж¬ЎиҜҫе ӮзӯҫеҲ°',
    'PASSWORD',
    '112233',
    NULL,
    CURRENT_TIMESTAMP - INTERVAL 1 DAY - INTERVAL 50 MINUTE,
    CURRENT_TIMESTAMP - INTERVAL 1 DAY,
    'ENDED',
    1
  ),
  (
    3,
    2,
    'JavaзЁӢеәҸи®ҫи®Ў иҜҫеүҚзӯҫеҲ°',
    'PASSWORD',
    '135790',
    NULL,
    CURRENT_TIMESTAMP + INTERVAL 1 HOUR,
    CURRENT_TIMESTAMP + INTERVAL 2 HOUR,
    'NOT_STARTED',
    1
  )
ON DUPLICATE KEY UPDATE
  title = VALUES(title),
  check_in_type = VALUES(check_in_type),
  password = VALUES(password),
  qr_token = VALUES(qr_token),
  start_time = VALUES(start_time),
  end_time = VALUES(end_time),
  status = VALUES(status),
  created_by = VALUES(created_by);

INSERT INTO check_in_records (
  record_id,
  task_id,
  course_id,
  student_id,
  check_in_time,
  status,
  remark
)
VALUES
  (1, 1, 1, 1, CURRENT_TIMESTAMP - INTERVAL 5 MINUTE, 'SIGNED', 'еҪ“еүҚиҜҫе Ӯе·ІзӯҫеҲ°'),
  (2, 2, 1, 1, CURRENT_TIMESTAMP - INTERVAL 1 DAY - INTERVAL 45 MINUTE, 'SIGNED', 'жҢүж—¶зӯҫеҲ°'),
  (3, 2, 1, 2, CURRENT_TIMESTAMP - INTERVAL 1 DAY + INTERVAL 5 MINUTE, 'LATE', 'иҝҹеҲ°зӯҫеҲ°'),
  (4, 2, 1, 3, NULL, 'ABSENT', 'жңӘжҸҗдәӨзӯҫеҲ°'),
  (5, 2, 1, 4, CURRENT_TIMESTAMP - INTERVAL 1 DAY - INTERVAL 30 MINUTE, 'SIGNED', 'жҢүж—¶зӯҫеҲ°')
ON DUPLICATE KEY UPDATE
  check_in_time = VALUES(check_in_time),
  status = VALUES(status),
  remark = VALUES(remark);
